Name,Age,Salary,Department,Join Date
Person 1,34.0,95051.0,HR,2015-01-31
Person 2,31.0,84046.0,Sales,2015-02-28
Person 3,56.0,69806.0,Engineering,2015-03-31
Person 4,30.0,60828.0,HR,2015-04-30
Person 5,39.0,57146.0,Engineering,2015-05-31
Person 6,44.0,49985.0,Engineering,2015-06-30
Person 7,45.0,37800.0,Marketing,2015-07-31
Person 11,42.0,41140.0,Marketing,2015-11-30
Person 13,59.0,53794.0,Sales,2016-01-31
Person 15,48.0,35605.0,HR,2016-03-31
Person 16,35.0,60118.0,HR,2016-04-30
Person 18,54.0,114116.0,Marketing,2016-06-30
Person 19,39.0,63023.0,HR,2016-07-31
Person 20,58.0,96793.0,Engineering,2016-08-31
Person 22,55.0,33087.0,HR,2016-10-31
Person 23,25.0,50499.0,Marketing,2016-11-30
Person 24,34.0,73932.0,Sales,2016-12-31
Person 25,34.0,108884.0,Engineering,2017-01-31
Person 27,26.0,86185.0,Sales,2017-03-31
Person 28,56.0,95452.0,HR,2017-04-30
Person 30,23.0,77200.0,Sales,2017-06-30
Person 32,34.0,35954.0,HR,2017-08-31
Person 33,38.0,97914.0,Engineering,2017-09-30
Person 34,36.0,89108.0,HR,2017-10-31
Person 35,25.0,113561.0,Engineering,2017-11-30
Person 36,30.0,39808.0,Engineering,2017-12-31
Person 38,44.0,74829.0,HR,2018-02-28
Person 39,33.0,113084.0,HR,2018-03-31
Person 40,25.0,62934.0,Sales,2018-04-30
Person 41,50.0,89705.0,Engineering,2018-05-31
Person 42,29.0,82491.0,HR,2018-06-30
Person 44,31.0,101153.0,Marketing,2018-08-31
Person 45,25.0,53070.0,Marketing,2018-09-30
Person 46,24.0,57792.0,Engineering,2018-10-31
Person 47,43.0,71676.0,Sales,2018-11-30
Person 49,55.0,36779.0,Marketing,2019-01-31
Person 50,50.0,73412.0,Engineering,2019-02-28
Person 51,36.0,52383.0,Engineering,2019-03-31
Person 53,34.0,109065.0,Sales,2019-05-31
Person 54,56.0,57387.0,Engineering,2019-06-30
Person 55,58.0,87083.0,HR,2019-07-31
Person 56,43.0,115834.0,HR,2019-08-31
Person 57,46.0,93368.0,Sales,2019-09-30
Person 58,31.0,84758.0,Marketing,2019-10-31
Person 59,58.0,49648.0,Marketing,2019-11-30
Person 60,43.0,51253.0,HR,2019-12-31
Person 61,19.0,59156.0,Sales,2020-01-31
Person 62,52.0,98695.0,Sales,2020-02-29
Person 63,25.0,39604.0,Sales,2020-03-31
Person 65,25.0,113468.0,HR,2020-05-31
Person 66,42.0,98718.0,Marketing,2020-06-30
Person 68,44.0,75140.0,Marketing,2020-08-31
Person 69,32.0,116970.0,Engineering,2020-09-30
Person 70,20.0,46644.0,HR,2020-10-31
Person 71,54.0,44291.0,Marketing,2020-11-30
Person 72,34.0,113124.0,Sales,2020-12-31
Person 73,30.0,37756.0,Engineering,2021-01-31
Person 74,23.0,75151.0,Engineering,2021-02-28
Person 75,24.0,95741.0,Engineering,2021-03-31
Person 76,36.0,91415.0,Marketing,2021-04-30
Person 77,33.0,50452.0,Engineering,2021-05-31
Person 78,45.0,39896.0,Marketing,2021-06-30
Person 79,41.0,58752.0,HR,2021-07-31
Person 80,38.0,54357.0,Sales,2021-08-31
Person 81,38.0,92918.0,Marketing,2021-09-30
Person 82,32.0,80774.0,Sales,2021-10-31
Person 83,18.0,119633.0,Engineering,2021-11-30
Person 84,32.0,89803.0,Engineering,2021-12-31
Person 85,23.0,68131.0,Engineering,2022-01-31
Person 87,45.0,77448.0,Sales,2022-03-31
Person 89,55.0,33617.0,Marketing,2022-05-31
Person 91,36.0,101862.0,Marketing,2022-07-31
Person 92,21.0,113595.0,Sales,2022-08-31
Person 93,46.0,78520.0,Sales,2022-09-30
Person 94,47.0,107924.0,Marketing,2022-10-31
Person 95,53.0,104581.0,Engineering,2022-11-30
Person 96,49.0,91621.0,Engineering,2022-12-31
Person 97,34.0,115652.0,Marketing,2023-01-31
Person 99,22.0,91584.0,HR,2023-03-31
Person 100,54.0,38173.0,HR,2023-04-30
Person 101,37.0,49880.0,Marketing,2023-05-31
Person 102,33.0,65585.0,HR,2023-06-30
Person 103,35.0,86489.0,HR,2023-07-31
Person 104,57.0,55589.0,Marketing,2023-08-31
Person 105,55.0,31760.0,Marketing,2023-09-30
Person 107,47.0,66194.0,Sales,2023-11-30
Person 109,51.0,33372.0,HR,2024-01-31
Person 110,27.0,115762.0,Sales,2024-02-29
Person 111,53.0,62808.0,HR,2024-03-31
Person 112,31.0,87682.0,Sales,2024-04-30
Person 113,32.0,108845.0,Engineering,2024-05-31
Person 114,27.0,110985.0,Marketing,2024-06-30
Person 115,49.0,32237.0,Marketing,2024-07-31
Person 116,28.0,57479.0,Sales,2024-08-31
Person 117,24.0,36825.0,HR,2024-09-30
Person 118,51.0,71536.0,Sales,2024-10-31
Person 119,48.0,97863.0,Marketing,2024-11-30
Person 121,54.0,109397.0,Sales,2025-01-31
Person 122,57.0,47361.0,Sales,2025-02-28
Person 123,28.0,55132.0,Engineering,2025-03-31
Person 124,53.0,94982.0,Marketing,2025-04-30
Person 125,42.0,37699.0,Sales,2025-05-31
Person 126,54.0,58265.0,Sales,2025-06-30
Person 127,28.0,78094.0,Sales,2025-07-31
Person 128,19.0,70937.0,Engineering,2025-08-31
Person 129,52.0,96280.0,HR,2025-09-30
Person 130,52.0,107764.0,HR,2025-10-31
Person 132,25.0,84383.0,Sales,2025-12-31
Person 133,39.0,79516.0,Marketing,2026-01-31
Person 134,32.0,46664.0,Sales,2026-02-28
Person 135,31.0,31278.0,Engineering,2026-03-31
Person 136,55.0,87670.0,Engineering,2026-04-30
Person 137,24.0,51093.0,Marketing,2026-05-31
Person 138,44.0,84231.0,Marketing,2026-06-30
Person 140,46.0,111617.0,Marketing,2026-08-31
Person 141,42.0,42039.0,Marketing,2026-09-30
Person 143,54.0,48039.0,Engineering,2026-11-30
Person 145,54.0,66437.0,HR,2027-01-31
Person 146,44.0,50448.0,Engineering,2027-02-28
Person 147,27.0,101448.0,Engineering,2027-03-31
Person 148,41.0,67794.0,Sales,2027-04-30
Person 150,53.0,89785.0,HR,2027-06-30
Person 152,43.0,84148.0,Sales,2027-08-31
Person 153,26.0,56940.0,Marketing,2027-09-30
Person 154,25.0,34075.0,Sales,2027-10-31
Person 155,39.0,36140.0,Marketing,2027-11-30
Person 156,55.0,40848.0,HR,2027-12-31
Person 157,52.0,104967.0,Sales,2028-01-31
Person 158,23.0,86563.0,Marketing,2028-02-29
Person 159,32.0,75765.0,Sales,2028-03-31
Person 160,23.0,114811.0,HR,2028-04-30
Person 162,41.0,107489.0,HR,2028-06-30
Person 163,59.0,101600.0,Engineering,2028-07-31
Person 164,51.0,117310.0,Engineering,2028-08-31
Person 165,25.0,71834.0,Engineering,2028-09-30
Person 167,45.0,43035.0,HR,2028-11-30
Person 168,28.0,101462.0,Sales,2028-12-31
Person 170,26.0,95412.0,Marketing,2029-02-28
Person 172,35.0,43870.0,Marketing,2029-04-30
Person 173,52.0,52574.0,Marketing,2029-05-31
Person 174,54.0,40936.0,Marketing,2029-06-30
Person 175,26.0,36965.0,HR,2029-07-31
Person 176,59.0,48031.0,HR,2029-08-31
Person 177,20.0,115537.0,Sales,2029-09-30
Person 178,28.0,55060.0,Engineering,2029-10-31
Person 180,28.0,85886.0,Sales,2029-12-31
Person 184,51.0,82192.0,HR,2030-04-30
Person 185,44.0,72944.0,Marketing,2030-05-31
Person 187,34.0,68676.0,HR,2030-07-31
Person 189,47.0,60610.0,Marketing,2030-09-30
Person 190,50.0,68851.0,Marketing,2030-10-31
Person 191,23.0,98309.0,Marketing,2030-11-30
Person 193,22.0,63156.0,Marketing,2031-01-31
Person 196,56.0,109735.0,Marketing,2031-04-30
Person 197,32.0,111135.0,Engineering,2031-05-31
Person 198,52.0,87312.0,Sales,2031-06-30
Person 199,29.0,30381.0,Sales,2031-07-31
Person 200,37.0,89053.0,Engineering,2031-08-31
Person 201,44.0,115070.0,Marketing,2031-09-30
Person 202,19.0,64838.0,Marketing,2031-10-31
Person 204,38.0,65657.0,Sales,2031-12-31
Person 205,33.0,92099.0,Marketing,2032-01-31
Person 206,23.0,85549.0,HR,2032-02-29
Person 207,56.0,99714.0,Marketing,2032-03-31
Person 208,23.0,77365.0,Engineering,2032-04-30
Person 209,35.0,46365.0,HR,2032-05-31
Person 210,31.0,80090.0,Engineering,2032-06-30
Person 211,52.0,46518.0,Marketing,2032-07-31
Person 212,52.0,37486.0,Sales,2032-08-31
Person 213,39.0,62303.0,Marketing,2032-09-30
Person 214,48.0,39994.0,Engineering,2032-10-31
Person 215,46.0,34884.0,HR,2032-11-30
Person 216,55.0,38289.0,HR,2032-12-31
Person 218,50.0,110673.0,Marketing,2033-02-28
Person 219,44.0,74925.0,Engineering,2033-03-31
Person 220,18.0,30382.0,Sales,2033-04-30
Person 221,26.0,101145.0,Marketing,2033-05-31
Person 222,39.0,35682.0,Engineering,2033-06-30
Person 223,20.0,91846.0,Engineering,2033-07-31
Person 224,36.0,112721.0,Engineering,2033-08-31
Person 225,45.0,32765.0,Marketing,2033-09-30
Person 226,20.0,110088.0,HR,2033-10-31
Person 227,45.0,73005.0,Sales,2033-11-30
Person 228,39.0,54931.0,HR,2033-12-31
Person 229,45.0,82784.0,Engineering,2034-01-31
Person 230,55.0,43935.0,Sales,2034-02-28
Person 231,37.0,87131.0,Sales,2034-03-31
Person 233,55.0,68717.0,Marketing,2034-05-31
Person 234,34.0,79126.0,Marketing,2034-06-30
Person 235,52.0,52821.0,Marketing,2034-07-31
Person 236,43.0,64701.0,Marketing,2034-08-31
Person 237,52.0,90392.0,Marketing,2034-09-30
Person 238,22.0,64226.0,HR,2034-10-31
Person 239,22.0,79072.0,HR,2034-11-30
Person 240,48.0,64753.0,Engineering,2034-12-31
Person 242,39.0,66904.0,HR,2035-02-28
Person 243,58.0,111914.0,Marketing,2035-03-31
Person 244,18.0,108894.0,Marketing,2035-04-30
Person 246,46.0,95200.0,Sales,2035-06-30
Person 247,21.0,92929.0,HR,2035-07-31
Person 248,59.0,66949.0,Marketing,2035-08-31
Person 249,32.0,119050.0,Engineering,2035-09-30
Person 250,22.0,49546.0,Sales,2035-10-31
Person 251,55.0,104651.0,HR,2035-11-30
Person 252,23.0,98607.0,HR,2035-12-31
Person 253,26.0,75260.0,Sales,2036-01-31
Person 254,45.0,87201.0,Engineering,2036-02-29
Person 256,33.0,43893.0,HR,2036-04-30
Person 257,44.0,82989.0,Sales,2036-05-31
Person 259,19.0,96614.0,Sales,2036-07-31
Person 261,40.0,100629.0,HR,2036-09-30
Person 262,40.0,54430.0,HR,2036-10-31
Person 263,25.0,110797.0,Marketing,2036-11-30
Person 264,22.0,56866.0,Sales,2036-12-31
Person 265,37.0,115774.0,Engineering,2037-01-31
Person 267,36.0,95337.0,Marketing,2037-03-31
Person 268,34.0,54490.0,HR,2037-04-30
Person 269,43.0,117905.0,Marketing,2037-05-31
Person 270,33.0,50694.0,Marketing,2037-06-30
Person 271,40.0,39757.0,Sales,2037-07-31
Person 273,44.0,93260.0,Sales,2037-09-30
Person 275,25.0,104530.0,Sales,2037-11-30
Person 277,51.0,57164.0,Sales,2038-01-31
Person 278,45.0,114304.0,Sales,2038-02-28
Person 279,50.0,77777.0,Marketing,2038-03-31
Person 281,27.0,117430.0,Marketing,2038-05-31
Person 282,37.0,57609.0,Engineering,2038-06-30
Person 283,26.0,63590.0,Marketing,2038-07-31
Person 284,18.0,100466.0,HR,2038-08-31
Person 285,30.0,47178.0,Marketing,2038-09-30
Person 286,48.0,33041.0,Marketing,2038-10-31
Person 288,51.0,50037.0,Engineering,2038-12-31
Person 289,31.0,37401.0,Marketing,2039-01-31
Person 290,21.0,95185.0,Marketing,2039-02-28
Person 294,50.0,114348.0,Sales,2039-06-30
Person 295,41.0,88382.0,Marketing,2039-07-31
Person 297,58.0,31153.0,Marketing,2039-09-30
Person 298,59.0,90081.0,Marketing,2039-10-31
Person 301,28.0,90289.0,Sales,2040-01-31
Person 302,18.0,56161.0,Marketing,2040-02-29
Person 303,33.0,43408.0,Sales,2040-03-31
Person 304,39.0,37798.0,Engineering,2040-04-30
Person 305,59.0,76106.0,HR,2040-05-31
Person 306,18.0,104037.0,Sales,2040-06-30
Person 307,42.0,106947.0,Sales,2040-07-31
Person 309,36.0,96132.0,Marketing,2040-09-30
Person 310,24.0,114238.0,Marketing,2040-10-31
Person 311,24.0,45443.0,Engineering,2040-11-30
Person 312,19.0,63482.0,Sales,2040-12-31
Person 313,24.0,52215.0,Marketing,2041-01-31
Person 314,43.0,85984.0,Marketing,2041-02-28
Person 315,40.0,51927.0,HR,2041-03-31
Person 316,31.0,108588.0,Marketing,2041-04-30
Person 317,48.0,88191.0,Sales,2041-05-31
Person 318,21.0,98388.0,Engineering,2041-06-30
Person 319,54.0,62766.0,Sales,2041-07-31
Person 320,47.0,100953.0,Marketing,2041-08-31
Person 321,30.0,50804.0,HR,2041-09-30
Person 322,27.0,43147.0,HR,2041-10-31
Person 323,39.0,113192.0,Marketing,2041-11-30
Person 324,18.0,117230.0,Sales,2041-12-31
Person 325,20.0,66951.0,HR,2042-01-31
Person 326,38.0,30317.0,Marketing,2042-02-28
Person 327,57.0,100144.0,Marketing,2042-03-31
Person 328,39.0,108141.0,Engineering,2042-04-30
Person 330,57.0,32299.0,Sales,2042-06-30
Person 331,20.0,36686.0,Engineering,2042-07-31
Person 332,38.0,54826.0,Marketing,2042-08-31
Person 334,32.0,106044.0,Sales,2042-10-31
Person 335,47.0,61835.0,Engineering,2042-11-30
Person 336,35.0,106792.0,Engineering,2042-12-31
Person 337,31.0,98092.0,Sales,2043-01-31
Person 339,28.0,43442.0,HR,2043-03-31
Person 340,47.0,53547.0,HR,2043-04-30
Person 341,57.0,95099.0,HR,2043-05-31
Person 342,55.0,62380.0,HR,2043-06-30
Person 343,25.0,63824.0,Marketing,2043-07-31
Person 344,37.0,94351.0,HR,2043-08-31
Person 345,58.0,114158.0,HR,2043-09-30
Person 346,48.0,44637.0,Engineering,2043-10-31
Person 347,37.0,36719.0,Marketing,2043-11-30
Person 348,37.0,109115.0,HR,2043-12-31
Person 349,22.0,39132.0,Sales,2044-01-31
Person 351,43.0,73469.0,HR,2044-03-31
Person 352,39.0,87513.0,Sales,2044-04-30
Person 353,33.0,51354.0,Engineering,2044-05-31
Person 354,56.0,83022.0,Marketing,2044-06-30
Person 355,32.0,109171.0,Marketing,2044-07-31
Person 356,18.0,77531.0,Sales,2044-08-31
Person 357,32.0,113376.0,HR,2044-09-30
Person 358,25.0,31839.0,Engineering,2044-10-31
Person 359,59.0,115539.0,Sales,2044-11-30
Person 360,46.0,78037.0,HR,2044-12-31
Person 361,19.0,106062.0,HR,2045-01-31
Person 362,20.0,97572.0,Marketing,2045-02-28
Person 363,31.0,98178.0,HR,2045-03-31
Person 364,55.0,40449.0,Engineering,2045-04-30
Person 365,48.0,42935.0,HR,2045-05-31
Person 366,44.0,112304.0,HR,2045-06-30
Person 368,50.0,49009.0,Sales,2045-08-31
Person 370,37.0,57481.0,Engineering,2045-10-31
Person 372,44.0,87597.0,Sales,2045-12-31
Person 373,52.0,53553.0,Marketing,2046-01-31
Person 374,55.0,79060.0,Engineering,2046-02-28
Person 375,33.0,31154.0,Marketing,2046-03-31
Person 376,37.0,61161.0,HR,2046-04-30
Person 377,31.0,69116.0,HR,2046-05-31
Person 378,23.0,82156.0,Sales,2046-06-30
Person 379,59.0,31159.0,Sales,2046-07-31
Person 380,52.0,99270.0,Sales,2046-08-31
Person 381,42.0,36347.0,Engineering,2046-09-30
Person 382,18.0,56000.0,HR,2046-10-31
Person 383,21.0,100210.0,Marketing,2046-11-30
Person 384,34.0,78390.0,Marketing,2046-12-31
Person 385,27.0,112020.0,Marketing,2047-01-31
Person 386,31.0,43295.0,Engineering,2047-02-28
Person 387,36.0,96574.0,HR,2047-03-31
Person 388,55.0,79566.0,Marketing,2047-04-30
Person 389,59.0,61689.0,Engineering,2047-05-31
Person 390,45.0,35191.0,Marketing,2047-06-30
Person 391,52.0,85428.0,Engineering,2047-07-31
Person 392,47.0,55312.0,Marketing,2047-08-31
Person 393,39.0,90095.0,Marketing,2047-09-30
Person 394,38.0,70684.0,Sales,2047-10-31
Person 395,27.0,44116.0,Sales,2047-11-30
Person 396,27.0,82142.0,Sales,2047-12-31
Person 399,36.0,33734.0,HR,2048-03-31
Person 401,59.0,75942.0,Sales,2048-05-31
Person 403,45.0,47076.0,Marketing,2048-07-31
Person 404,30.0,93935.0,HR,2048-08-31
Person 405,23.0,94737.0,Marketing,2048-09-30
Person 406,29.0,38594.0,Sales,2048-10-31
Person 407,21.0,54324.0,Sales,2048-11-30
Person 409,56.0,111326.0,Sales,2049-01-31
Person 410,35.0,30607.0,Marketing,2049-02-28
Person 416,59.0,39765.0,Engineering,2049-08-31
Person 418,28.0,85311.0,HR,2049-10-31
Person 419,58.0,33339.0,HR,2049-11-30
Person 420,41.0,59874.0,Engineering,2049-12-31
Person 421,24.0,33213.0,Sales,2050-01-31
Person 422,38.0,33794.0,Marketing,2050-02-28
Person 425,57.0,58339.0,Sales,2050-05-31
Person 426,21.0,114652.0,HR,2050-06-30
Person 429,53.0,34850.0,Engineering,2050-09-30
Person 430,18.0,76411.0,Engineering,2050-10-31
Person 432,48.0,90074.0,Marketing,2050-12-31
Person 434,29.0,106741.0,Engineering,2051-02-28
Person 436,53.0,60438.0,Engineering,2051-04-30
Person 437,51.0,75752.0,Marketing,2051-05-31
Person 439,22.0,98383.0,Engineering,2051-07-31
Person 440,34.0,34320.0,HR,2051-08-31
Person 441,21.0,77079.0,Marketing,2051-09-30
Person 442,24.0,71268.0,HR,2051-10-31
Person 443,43.0,59796.0,Engineering,2051-11-30
Person 444,40.0,60921.0,Marketing,2051-12-31
Person 445,18.0,104125.0,HR,2052-01-31
Person 446,30.0,80604.0,Engineering,2052-02-29
Person 447,34.0,111281.0,Marketing,2052-03-31
Person 448,49.0,112194.0,Sales,2052-04-30
Person 449,27.0,49944.0,Sales,2052-05-31
Person 450,59.0,116914.0,Marketing,2052-06-30
Person 451,54.0,49318.0,HR,2052-07-31
Person 452,29.0,63619.0,Sales,2052-08-31
Person 453,29.0,104430.0,Engineering,2052-09-30
Person 454,30.0,98489.0,HR,2052-10-31
Person 455,18.0,75402.0,HR,2052-11-30
Person 456,18.0,62267.0,Marketing,2052-12-31
Person 457,21.0,55088.0,Marketing,2053-01-31
Person 458,24.0,89633.0,Engineering,2053-02-28
Person 459,30.0,69847.0,Marketing,2053-03-31
Person 460,26.0,105609.0,Marketing,2053-04-30
Person 461,22.0,45145.0,HR,2053-05-31
Person 464,44.0,82840.0,Sales,2053-08-31
Person 466,33.0,99725.0,Engineering,2053-10-31
Person 467,23.0,103882.0,HR,2053-11-30
Person 468,59.0,68192.0,Engineering,2053-12-31
Person 469,45.0,45610.0,Engineering,2054-01-31
Person 471,38.0,59321.0,Marketing,2054-03-31
Person 472,46.0,77830.0,Sales,2054-04-30
Person 473,55.0,109881.0,Marketing,2054-05-31
Person 474,46.0,35631.0,Engineering,2054-06-30
Person 475,50.0,51274.0,HR,2054-07-31
Person 477,30.0,106825.0,HR,2054-09-30
Person 478,46.0,99835.0,Sales,2054-10-31
Person 479,59.0,114175.0,HR,2054-11-30
Person 480,52.0,52838.0,HR,2054-12-31
Person 482,29.0,50806.0,Sales,2055-02-28
Person 484,41.0,117162.0,HR,2055-04-30
Person 485,44.0,75643.0,Sales,2055-05-31
Person 488,20.0,93211.0,Marketing,2055-08-31
Person 489,31.0,103170.0,Sales,2055-09-30
Person 491,30.0,61777.0,Engineering,2055-11-30
Person 492,54.0,54994.0,Sales,2055-12-31
Person 493,44.0,84146.0,Sales,2056-01-31
Person 494,32.0,75628.0,HR,2056-02-29
Person 495,47.0,47245.0,Marketing,2056-03-31
Person 496,46.0,72072.0,Sales,2056-04-30
Person 497,41.0,65073.0,Sales,2056-05-31
Person 498,25.0,87665.0,Marketing,2056-06-30
Person 499,59.0,70201.0,Sales,2056-07-31
